Text,Labels,subcategory,Age,Sex,District,Sub-county
"Morning ministry of health .I AM A UGANDAN AND I WANT TO BE AMONG THE 100 TEST PERSONAL 22 YEARS OLD MALE, STAY'ING IN KITENDE, WHERE CAN I GO",GHS/COVID,Where to access vaccination,22,,,
where should i be vaccinated from am in Kitagata Sheema,GHS/COVID,Where to access vaccination,21,M,Sheema ,Kasaana
Where is the vaccination center for Bweyogerere Division teachers located in Wakiso district? Are teachers in this division being vaccinated? Has the gov,GHS/COVID,Where to access vaccination,55,M,Wakiso,Bweyogerere Division
What next as far as vaccination is concerned?,GHS/COVID,Where to access vaccination,55,M,Wakiso,Bweyogerere Division
ernment brought in Johnson and Johnson vaccine for teachers vaccination?,GHS/COVID,Where to access vaccination,55,M,Wakiso,Bweyogerere Division
Where is the vaccination center for Bweyogerere Division teachers located in Wakiso district? Are teachers in this division being vaccinated? Has the gov,GHS/COVID,Where to access vaccination,55,M,Wakiso,Bweyogerere Division
Covid19,GHS/COVID,Where to access vaccination,21,F,Lira,
Okay l thought it is a vaccine obutamanya am xor,GHS/COVID,Where to access vaccination,22,M,Masaka,Nyendo kayirikiti
I thought this message line is for the Ministry of Health? Is it for Kampala only? Give me the contact for the District Health Officer for Wakiso Distric,GHS/COVID,Where to access vaccination,55,M,Wakiso,Bweyogerere Division
"How can we get in touch with the District Health Officer of Wakiso district, Bweyogerere Division in Kira Municipality, send their contacts to ease commu",GHS/COVID,Where to access vaccination,55,M,Wakiso,Bweyogerere Division
"If I got the contact info of the health worker who vaccinated me, can that help",GHS/COVID,Where to access vaccination,25,F,Kampala,Muyenga
Where can i be vaccinated covid am in fortportal,GHS/COVID,Where to access vaccination,,,,
ARE CHILDREN UNDER FIFTEEN YEARS GOING TO BE VACCINATED.,GHS/COVID,Where to access vaccination,16,M,Kampala,NSAMBYA BARRACKS.
Which age is being vaccinated even those ov 15 yrs,GHS/COVID,Where to access vaccination,,,,
I am Babirye from lwengo and l am pregnant of 2mths.Am l free to go for covid 19 vaccination?,GHS/COVID,Where to access vaccination,25,F,Lwengo,Ndagwe
I am Babirye from lwengo and l am pregnant of 2mths.Am l free to go for covid 19 vaccination?,GHS/COVID,Where to access vaccination,25,F,Lwengo,Ndagwe
I am Babirye from lwengo and l am pregnant of 2mths.Am l free to go for covid 19 vaccination?,GHS/COVID,Where to access vaccination,25,F,Lwengo,Ndagwe
I am Babirye from lwengo and l am pregnant of 2mths.Am l free to go for covid 19 vaccination?,GHS/COVID,Where to access vaccination,25,F,Lwengo,Ndagwe
"Hello sir, ma How can I get covid19 vaccine please",GHS/COVID,Where to access vaccination,46,F,Kampala,Nakasero 2
After how many weeks from the first covid dose should one get the second shot?,GHS/COVID,Where to access vaccination,28,M,Katakwi,Magoro
IS COVID VACCINE SAFE,GHS/COVID,Where to access vaccination,22,M,Bukedea,bukedea
"OK if i get vaccinated in first vaccine and the second time they change to another one, will i get any effect",GHS/COVID,Where to access vaccination,,,,
How to do to get vaccine?,GHS/COVID,Where to access vaccination,20,M,Wakiso,Pls am refugee Am not Ugandans
I wanted to ask about us refugee Even us we can get vaccine?,GHS/COVID,Where to access vaccination,20,M,Wakiso,Pls am refugee Am not Ugandans
How much is a covid 19 vaccine,GHS/COVID,Where to access vaccination,21,M,Masaka,Kimaanya-kyabakuza
s6 leaver are they eligible for vaccination,GHS/COVID,Where to access vaccination,19,M,Wakiso ,busiro
But is covid 19 vaccination free or not?,GHS/COVID,Where to access vaccination,21,M,Masaka,Kimaanya-kyabakuza
Can my 12yrs boy get covid 19 vaccin,GHS/COVID,Where to access vaccination,,,,
So can i go at mulago referral hospital and be vaccinated free or teachers are the first to get vaccinated,GHS/COVID,Where to access vaccination,21,M,Masaka,Kimaanya-kyabakuza
But some people are giving out certificate of vaccination without giving the vaccine. So I don't know where we are going,GHS/COVID,Where to access vaccination,38,F,Wakiso,"Waiting,"
But we are told that the vaccine are not yet reach lira for teachers! Please consult and let us know thanks,GHS/COVID,Where to access vaccination,25,M,Lira ,Lira sub county
how abt mpumudde health center in busiro south??,GHS/COVID,Where to access vaccination,21,F,,h
Where do i get vaccinated in sheema district,GHS/COVID,Where to access vaccination,22,M,Sheema,Kagango
Where can i get vaccinated then?,GHS/COVID,Where to access vaccination,22,M,Sheema,Kagango
Coz me and my family we want to get covid-19 vaccine,GHS/COVID,Where to access vaccination,20,M,Wakiso,Pls am refugee Am not Ugandans
Vaccination is starting when!,GHS/COVID,Where to access vaccination,22,M,Kampala,Kyanja
"If l happen to get da 2nd covid 19 shot before 8weeks, wat effect (s) may result from this?",GHS/COVID,Where to access vaccination,22,M,Masaka,Nyendo kayirikiti
is thier vaccine for medical students at facility,GHS/COVID,Where to access vaccination,23,M,Pader,Acholibur
IS COVID VACCINE SAFE FOR PREGNANT WOMEN,GHS/COVID,Where to access vaccination,35,F,Luweero,Katikamu
At what age covid 19 is vaccinated?,GHS/COVID,Where to access vaccination,19,M,Mayuge,Baitambogwe
"Am tr.Isabirye Christopher from Buyende, I would like to know which specific places were gazeted for Covid-19 vaccination & on which specific days. Thanks.",GHS/COVID,Where to access vaccination,26,M,Buyende,Buyende town council
"Medical schools reopened while students and their teachers were not vaccinated,should i think covid affects other educational places only?GOVT SHOULDN'T",GHS/COVID,Where to access vaccination,21,F,Kabale,Municipaty
How to make covid 19 vaccine,GHS/COVID,Where to access vaccination,11,F,Wakiso,Katabi town council
"hello, am jst a peasant farmer. how can i access covid 19 vacination yet only teachers, studnts n health workers r being priotized",GHS/COVID,Where to access vaccination,33,M,Lira ,ADEKWOK
"hello, am jst a peasant farmer. how can i access covid 19 vacination yet only teachers, studnts n health workers r being priotized",GHS/COVID,Where to access vaccination,33,M,Lira,ADEKWOK
Why they vacinating without covid 19 testing? Is it not wrong?,GHS/COVID,Where to access vaccination,20,M,Bulambuli,Am not wel cantain bt am from buyaga town council.
"So now answer me. Is it not wrong? What if am already infected with the virus and am added the vacine, is it not risky?",GHS/COVID,Where to access vaccination,20,M,Bulambuli,Am not wel cantain bt am from buyaga town council.
Is it ok for some one getting the second dose of vaccine even after suffering from covid in a period after getting the first dose?,GHS/COVID,Where to access vaccination,33,,,
What are the requirements for vaccination,GHS/COVID,Where to access vaccination,22,M,Bukedea,bukedea
"ABAANA BAFE BAGENDA KUGEMWADI COVID,19?",GHS/COVID,Where to access vaccination,21,F,,
"Bt kasese district teachers have not yew vaccinated,and students",GHS/COVID,Where to access vaccination,20,M,Kasese,Bukonzo
Im a tr at bukasa where can i get vaccine,GHS/COVID,Where to access vaccination,35,F,Wakiso,Bweyogerere
When will learners be vaccinated?,GHS/COVID,Where to access vaccination,23,F,Kasese,Bukonzo
Could i know the teachers vaccination centres within kawempe .,GHS/COVID,Where to access vaccination,51,,,
How will we the people in rural areas acquire the vaccine?,GHS/COVID,Where to access vaccination,20,M,Serere,Pigire
Whats the best covid-19 vaccine?,GHS/COVID,Where to access vaccination,19,M,Iganga,Nabitende
Whats the best covid-19 vaccine?,GHS/COVID,Where to access vaccination,19,M,Iganga,Nabitende
"No, am arleady vaccinated but am in bad condition wat can i do nfa",GHS/COVID,Where to access vaccination,24,M,Wakiso,Nsangi
GEEKA AMONI NIN:CM820911033K5H. What should i do to certify full vaccination?.,GHS/COVID,Where to access vaccination,39,M,Luwero,Luwero Town Council
I want 2 get vaccinated,GHS/COVID,Where to access vaccination,21,M,Kabale,2021-09-04T20:14:01.566728+03:00
How many trs hv been vaccinated,GHS/COVID,Where to access vaccination,18,M,Kabarole,Kabonero
Where should i get COVID 19 vaccination because am at busaabala,GHS/COVID,Where to access vaccination,24,M,Wakiso,Makindye
If i want sinovaka is it there in our local sites and can i decide on the type of vaccine that am to be injected or its just a docters choice?,GHS/COVID,Where to access vaccination,19,M,Iganga,Nabitende
Where can i get vaccinated 4rm,GHS/COVID,Where to access vaccination,23,F,Naminsdwa,Tsekululu
how many people have been vaccinated sofar across uganda?,GHS/COVID,Where to access vaccination,51,M,Wakiso,Nsangi Sub County
how many people have been vaccinated sofar across uganda?,GHS/COVID,Where to access vaccination,51,M,Wakiso,Nsangi Sub County
where can i get vaccination of covid 19 in Ntungamo,GHS/COVID,Where to access vaccination,21,M,,itojo
I want to get vaccinated,GHS/COVID,Where to access vaccination,21,F,Kasese,
Am a student 19 years and i dont have the national id can i be vaccinated,GHS/COVID,Where to access vaccination,19,M,Kassanda,Kiganda
How can i get vaccinated from,GHS/COVID,Where to access vaccination,#VALUE!,,,
In kazo where i stay there is no health center that vaccinate people,GHS/COVID,Where to access vaccination,#VALUE!,,,
"Hi my dear, people fear to be vaccinated & how are you going to convinced them",GHS/COVID,Where to access vaccination,19,,,
Where wil i get the vaccine the,GHS/COVID,Where to access vaccination,22,M,Koboko,Lobule
afta vaccination will u again get infected or affect,GHS/COVID,Where to access vaccination,22,M,Bukedea,bukedea
Vaccination,GHS/COVID,Where to access vaccination,23,M,,
I need to get vaccination am in mbarara where can I get service plizzz thank you,GHS/COVID,Where to access vaccination,29,M,Mbarara,Nyamitaanga division
When will schools be opened? After vaccination or before?,GHS/COVID,Where to access vaccination,24,M,Kiryandongo,Kiryandongo
When will schools be opened? After vaccination or before?,GHS/COVID,Where to access vaccination,24,M,Kiryandongo,Kiryandongo
Where can i vaccinated from?,GHS/COVID,Where to access vaccination,15,M,Arua,DADAMU Sub county
Can the vaccine pass via breast milk?,GHS/COVID,Where to access vaccination,26,F,Lira,Adyel
How much is covid 19 vaccissin,GHS/COVID,Where to access vaccination,17,M,,nawankole
In which places can i find covid vaccine.,GHS/COVID,Where to access vaccination,17,M,,nawankole
"1.Is z aforce to get avaccine so dat i retain ma job? 2.after vaccinatng wil get covid? 3.if teachers a d key fo the reopenin of sch, wat of children who",GHS/COVID,Where to access vaccination,27,M,,Soroti
"I've breathing complications & i tested covid 19 negative,can i get covid vaccine or it will affect me?",GHS/COVID,Where to access vaccination,35,F,Rukungiri?,Buyanja
Can i still be affected if have already been vaccinated for covida - 19 and why ?,GHS/COVID,Where to access vaccination,23,M,Lira,ABAKO SUB COUNTY
"May iknow wheather corona vaccine is coming by village to village, Am okwaimungu richard buliisa district.",GHS/COVID,Where to access vaccination,,,,
when is vaccination of covid for studdnts?,GHS/COVID,Where to access vaccination,81,F,Busia,Itojo
Where are the covid19 vaccination centers for teachers in fortportal district?,GHS/COVID,Where to access vaccination,,,,
is it okey for aperson to get vaccinated when he or she has fever?,GHS/COVID,Where to access vaccination,,,,
Hello how do I get to be vaccinated,GHS/COVID,Where to access vaccination,20,M,Wakiso,Busukuma
Are pregnant mothers supposed to get vaccineted against covid 19?,GHS/COVID,Where to access vaccination,27,F,Kabale,Buhara
Should pregnant mothers get the vaccine against covid 19?,GHS/COVID,Where to access vaccination,27,F,Kabale,Buhara
ON WHICH ARM IS THE VACCINE VACCINATED,GHS/COVID,Where to access vaccination,16,M,Kampala,NSAMBYA BARRACKS.
I want to be vaccinated,GHS/COVID,Where to access vaccination,,,,
When z da vaccine kaming to kasese,GHS/COVID,Where to access vaccination,18,M,Kasese,Nwamwamba division
How safe covid-19 vaccine,GHS/COVID,Where to access vaccination,17,M,Mbale,Namakwekwe
Wanted to know who are eligible for the covid 19 vaccine,GHS/COVID,Where to access vaccination,18,,Arua,
"would like to apply for the on going practice of people who want to engage in volunteering in the testing of Ugandan made covid vaccines. Experiences GBW and aches for 3weeks now, how can i go about it?",GHS/COVID,Where to access vaccination,26,,Kampala,
Would like to know if its safe for him to get his second dose of covid vaccination since his 1st dose was in june.,GHS/COVID,Where to access vaccination,25,,Nakapiripiti,
COVID 19 vaccination access,GHS/COVID,Where to access vaccination,122,,Kampala,
The client is inquiring if she can get COVID 19 vaccine after suffering and curing from a COVID 19 infection,GHS/COVID,Where to access vaccination,22,,Lira,
COVID 19 vaccination access,GHS/COVID,Where to access vaccination,29,,Mubende,
What are the current covid statistics in uganda and lira city,GHS/COVID,Request for COVID-19 Stats,17,M,Lira,Ireda
How many cases of Covid 19 are in Uganda today?,GHS/COVID,Request for COVID-19 Stats,0,M,Wakiso,It is Naguru.
Is covid reducing or increasing? Reply to me back.,GHS/COVID,Request for COVID-19 Stats,15,F,Wakiso,Kawempe.
Is covid reducing or increasing? Reply to me back.,GHS/COVID,Request for COVID-19 Stats,15,F,Wakiso,Kawempe.
Is covid reducing or increasing? Reply to me back.,GHS/COVID,Request for COVID-19 Stats,15,F,Wakiso,Kawempe.
Up dates of Covid 19 in uganda.,GHS/COVID,Request for COVID-19 Stats,,,,
How many cases of Covid 19 are in Jinja today?,GHS/COVID,Request for COVID-19 Stats,0,M,Wakiso,Naguru
How many cases of Covid 19 are in Jinja today?,GHS/COVID,Request for COVID-19 Stats,0,M,Wakiso,Naguru
How many cases of Covid 19 are in Buikwe in Njeru Municipality today?,GHS/COVID,Request for COVID-19 Stats,0,M,Wakiso,Naguru
How many cases of Covid 19 are in Buikwe in Njeru Municipality this week?,GHS/COVID,Request for COVID-19 Stats,0,M,Wakiso,Naguru
How many cases of Covid 19 are in Buikwe in Njeru Municipality this week?,GHS/COVID,Request for COVID-19 Stats,0,M,Wakiso,Naguru
Wewe hw far wis corona,GHS/COVID,Request for COVID-19 Stats,21,M,Mpigi,
Give me covid updates,GHS/COVID,Request for COVID-19 Stats,18,M,Kabarole,Kabonero
Updates about corona,GHS/COVID,Request for COVID-19 Stats,27,F,Jinja,2021-09-02T21:40:02.180403+03:00
Is corona virus still spreading so high and how many people are so far affected in ug?,GHS/COVID,Request for COVID-19 Stats,19,M,Rubanda and am in senior five.,Muko
Update me about covid19 in Ug.,GHS/COVID,Request for COVID-19 Stats,21,M,Busia,Masinya
"So far ,how many cases of covid 19 now",GHS/COVID,Request for COVID-19 Stats,29,F,Kampala,Naguru
How many people died in Whole world on corona virus,GHS/COVID,Request for COVID-19 Stats,18,M,Bundibugyo,Harugale
Update me about covid19 in Ug.,GHS/COVID,Request for COVID-19 Stats,21,M,Busia,Masinya
How many people in uganda will surfered with corona virus,GHS/COVID,Request for COVID-19 Stats,18,M,Bundibugyo,Harugale
What is the percentage of covid-19 victims today,GHS/COVID,Request for COVID-19 Stats,,,,
how is covid 19 now,GHS/COVID,Request for COVID-19 Stats,,,,
What is the covid 19 up dates in uganda,GHS/COVID,Request for COVID-19 Stats,23,M,Mbarara,Kakoba
How many cases of Covid 19 are in Uganda today?,GHS/COVID,Request for COVID-19 Stats,0,M,Wakiso,It is Naguru.
How many cases of Covid 19 are in Uganda today?,GHS/COVID,Request for COVID-19 Stats,0,M,Wakiso,It is Naguru.
What is the current number of covid 19 victims in Uganda today.,GHS/COVID,Request for COVID-19 Stats,23,F,Kagadi,Kagadi
What is the current number of covid 19 victims in Uganda today?,GHS/COVID,Request for COVID-19 Stats,23,F,Kagadi,Kagadi
So wat some of e statics 4 covid in country per now pliz.,GHS/COVID,Request for COVID-19 Stats,20,M,Manafwa,Masaka T.C
"How far have u people ,gone cOVID ;19",GHS/COVID,Request for COVID-19 Stats,35,M,Tororo,Kalait
Are There More Covid 19 Cases,GHS/COVID,Request for COVID-19 Stats,21,M,Kampala,Kawempe
How many pader people are affected with corona pandamic?,GHS/COVID,Request for COVID-19 Stats,17,M,Pader,Omogi
How many people affected with corona pandamic in uganda?,GHS/COVID,Request for COVID-19 Stats,17,M,Pader,Omogi
How many people have died since Covid 19 started?,GHS/COVID,Request for COVID-19 Stats,0,M,Wakiso,It is Naguru.
"HOW MANY COVID-19 CASES,RECOVERIES,DEATHS AND VACCINATIONS HAS UGANDA CONFIRMED SINCE MARCH 2020 ?",GHS/COVID,Request for COVID-19 Stats,14,M,Wakiso,Kasangati
"HOW MANY COVID-19 CASES,RECOVERIES,DEATHS AND VACCINATIONS HAS UGANDA CONFIRMED SINCE MARCH 2020 ?",GHS/COVID,Request for COVID-19 Stats,14,M,Wakiso,Kasangati
hey update me about covid-19 vicitims in uganda,GHS/COVID,Request for COVID-19 Stats,24,M,Wakiso,Namusera
hw to avoid covid 19,GHS/COVID,Information on prevention measures,18,M,Masaka,Buwunga sub county
Iz covid curable?,GHS/COVID,Information on prevention measures,18,M,Masaka,Buwunga sub county
"Besides the SOPs, like wearing face mask, keep distance etc. what other things would be done by a person in order to prevent the virus?",GHS/COVID,Information on prevention measures,22,M,Masaka,Nyendo kayirikiti
Thanks for helping us on how to avoid covid because this side things are going on well,GHS/COVID,Information on prevention measures,29,M,,
How to avoid covid 19,GHS/COVID,Information on prevention measures,22,M,Isingiro,
How can I prevent covid 19,GHS/COVID,Information on prevention measures,21,M,,
H!w l mi suposed 2 protect corona virus,GHS/COVID,Information on prevention measures,22,F,Kibaale,Bwamiramira sub county
"Besides the SOPs, like wearing face mask, keep distance etc. what other things would be done by a person in order to prevent the virus?",GHS/COVID,Information on prevention measures,#VALUE!,,,
What cant we do to stop covid19,GHS/COVID,Information on prevention measures,23,M,Kole,Okwerodot
Wat kind of food should one eat to boost the immunity inorder to fight covid 19.,GHS/COVID,Information on prevention measures,22,M,Pakwach,PAKWACH TOWN COUNCIL
Sops in full,GHS/COVID,Information on prevention measures,4,F,Gulu,
I have covid 19. But how can i prevent my children from contracting covid 19.,GHS/COVID,Information on prevention measures,12,M,Rubirizi,Magambo sub county
How Can I Prevent My Self From Getting Covid,GHS/COVID,Information on prevention measures,#VALUE!,,,
Twekume corona virus,GHS/COVID,Information on prevention measures,#VALUE!,,,
Hw kan i avoid covid 19,GHS/COVID,Information on prevention measures,23,M,Mbarara,Kakoba
Hw 2 control covid 19,GHS/COVID,Information on prevention measures,,,,
HELL HOW CAN I do to avoid corona,GHS/COVID,Information on prevention measures,,,,
Avoid touching M.E.N 2 stop Covid 19 M- Mouth E- Eyes N- Nose Follow W.O.M.E.N to prevent Covid 19 W- Wash ur hands O- Observe soc,GHS/COVID,Information on prevention measures,20,M,Manafwa,Masaka T.C
How can I avoid covid 19,GHS/COVID,Information on prevention measures,17,M,Ssembabule,Miteete
What Should I Do To Fight Corona ?,GHS/COVID,Information on prevention measures,14,M,Kassanda,
Sops In Full,GHS/COVID,Information on prevention measures,43,F,Kampala,wakiso
Sops in full,GHS/COVID,Information on prevention measures,22,F,Kampala,Wakiso
Wat should one do to boost the immunity inorder to fight covid 19.,GHS/COVID,Information on prevention measures,26,M,Nebbi ,Nebbi Town council
How Can I Avoid Geting Covid,GHS/COVID,Information on prevention measures,21,M,Wakiso,Ndejje
How Can I Avoid Covid,GHS/COVID,Information on prevention measures,21,M,Wakiso,Ndejje
How can one in a group of 20 people avoid covid 19?,GHS/COVID,Information on prevention measures,67,M,Ntungamo,Nyabihooko
wants to know if diet can help to prevent covid 19,GHS/COVID,Information on prevention measures,18,,Lira,
I here that the people btn 18-35 yrs do not easly get covid 19 why,GHS/COVID,Myths/misinformation,10,F,Rwampala,RUGANDO
Where can i go 4 injection of covid 19 bt they say that it kils.z it true.,GHS/COVID,Myths/misinformation,18,M,Bugweri,IBULANKU
is covid -19 reall,GHS/COVID,Myths/misinformation,19,F,kapchorwa,kutung
YA DAT DEA Z PHASE 3 OF COVID 19 Z T TRUE?,GHS/COVID,Myths/misinformation,25,M,Masaka,Bukulula
CORONA AKYARI YO OBA TAKYARI YO,GHS/COVID,Myths/misinformation,,,,
Iz da nywz about da third wave of corona true,GHS/COVID,Myths/misinformation,39,F,,
hello gd evng i hv had dat there iz a 3rd wave ov covid is it true,GHS/COVID,Myths/misinformation,20,F,Mbale,mewolo
Why do people washing ther mouth during testing?,GHS/COVID,Medical care (testing and treatment),,,,
Can you tell me the medicine that cure this disease?,GHS/COVID,Medical care (testing and treatment),19,M,Nebbi,Nebbi sub county
"They said dat dea iz no medicine dat can be used to treat covid patients, what do u use to treat those infested wiz da virus?",GHS/COVID,Medical care (testing and treatment),22,M,Masaka,Nyendo kayirikiti
Does corona leave some scars or any damages in lungs even if am cured?,GHS/COVID,Medical care (testing and treatment),20,M,Rukiga,Kamwezi
Now my question was Does corona leave some scars or any damages in lungs even if am cured?,GHS/COVID,Medical care (testing and treatment),20,M,Rukiga,Kamwezi
Is home treatment for covid 19 safer than that from da hospital,GHS/COVID,Medical care (testing and treatment),24,M,Kasese,Hima
What should i do if i have corona,GHS/COVID,Medical care (testing and treatment),,,,
How can i support one with covid 19 signs? If i am in a deep remote area.,GHS/COVID,Medical care (testing and treatment),,,,
Nina corana virus,GHS/COVID,Medical care (testing and treatment),16,F,Gomba,Gomba
I HAVE COVID,GHS/COVID,Medical care (testing and treatment),,,,
"Its me wathuw isaac.am filling these signs 1, cronic flue 2, inching eye 3, sore throut, i dont weather it is corona,i need help",GHS/COVID,Medical care (testing and treatment),25,M,Nebbi,Kucwiny
What are the medical management of covid 19,GHS/COVID,Medical care (testing and treatment),21,M,Lira,lira town council
Where can i go for corona test,GHS/COVID,Medical care (testing and treatment),22,M,Masindi,Bwijanga
Am sic ov corona,GHS/COVID,Medical care (testing and treatment),19,M,Kyotera,Kirumba
I would like to know all signs of covid19,GHS/COVID,"Knowledge (signs, causes)",,,, 
Is cov-19 disease?,GHS/COVID,"Knowledge (signs, causes)",33,M,,KAPIR
Corona,GHS/COVID,"Knowledge (signs, causes)",,,,
How do i know that one is with covid 19?,GHS/COVID,"Knowledge (signs, causes)",15,M,Arua,DADAMU Sub county
Corona,GHS/COVID,"Knowledge (signs, causes)",0,F,Kigezi,
Wat ar the symptoms of covid 19,GHS/COVID,"Knowledge (signs, causes)",18,M,masaka,Buwunga sub county
If you have a flue does it mean that you have covid 19,GHS/COVID,"Knowledge (signs, causes)",15,M,Arua,DADAMU Sub county
Where did the virus come from?,GHS/COVID,"Knowledge (signs, causes)",18,M,masaka,Buwunga sub county
singhs of covid 19,GHS/COVID,"Knowledge (signs, causes)",,,,
hlo wat r the signs of covid19,GHS/COVID,"Knowledge (signs, causes)",,,,
Lockdown,GHS/COVID,"Knowledge (signs, causes)",36,M,Kasanda,Kalwana
How is covid19 spred,GHS/COVID,"Knowledge (signs, causes)",23,M,Kole,Okwerodot
More about covid,GHS/COVID,"Knowledge (signs, causes)",22,F,Kamwenge,Mahyoro
WHAT IS COVID19?,GHS/COVID,"Knowledge (signs, causes)",27,M,Kamuli,Kagumba
WHAT IS COVID19?,GHS/COVID,"Knowledge (signs, causes)",27,M,Kamuli,Kagumba
WHAT IS THE CLOSES SIGNS OF COVID 19 THANK ?,GHS/COVID,"Knowledge (signs, causes)",18,M,Kole,WHAT FOOD SHOULD I EAT MOST ?
Covid19,GHS/COVID,"Knowledge (signs, causes)",31,F,Buhweju,Bitsya
"Ok if that is hard,does corona affect hiv patients like any other person or",GHS/COVID,"Knowledge (signs, causes)",20,M,Rukiga,Kamwezi
Thanks 4da Safe Guards Of Covid,GHS/COVID,"Knowledge (signs, causes)",16,F,Kasese,Karambi
Some information about corona virus in ugamda,GHS/COVID,"Knowledge (signs, causes)",23,M,Mbarara,
Wat are the signs and symptoms of covid 19,GHS/COVID,"Knowledge (signs, causes)",22,M,Pakwach,PAKWACH TOWN COUNCIL
CovideÂ§19 signs,GHS/COVID,"Knowledge (signs, causes)",19,M,Kabale,Bubare sub county
And wo made covid 19 and where did it start,GHS/COVID,"Knowledge (signs, causes)",39,F,Kasese,Central division
What are the major signs of covid 19,GHS/COVID,"Knowledge (signs, causes)",17,M,Mbale,Northern City Division
Hloo i want's know a bout covid 19,GHS/COVID,"Knowledge (signs, causes)",31,M,Mayuge,Waitambogwe
Hw do i get covid 19,GHS/COVID,"Knowledge (signs, causes)",,,,
Coronavirus Disease (COVID-19) is an illness that causes symptoms ranging from common cold to more severe forms acute respiratory syndrome (SARS).,GHS/COVID,"Knowledge (signs, causes)",,,,
How is covid 19,GHS/COVID,"Knowledge (signs, causes)",21,M,Kiruhura,Nyabushozi
NJAGALA OKUMANYA KUCOVID 19,GHS/COVID,"Knowledge (signs, causes)",32,F,Wakiso,NABWERU
how can i know that some one has corona,GHS/COVID,"Knowledge (signs, causes)",32,M,kapchorwa,kawowo
now how can i know that some one has corona,GHS/COVID,"Knowledge (signs, causes)",32,M,kapchorwa,kawowo
How is covid spread,GHS/COVID,"Knowledge (signs, causes)",,,,
Wat is covid 19?,GHS/COVID,"Knowledge (signs, causes)",-2,M,Isingiro,Mwera
Welcame bt i want 2 sm information abt covid 19.,GHS/COVID,"Knowledge (signs, causes)",-2,M,Isingiro,Mwera
what are the real signs of covid,GHS/COVID,"Knowledge (signs, causes)",23,M,Mbale,BUMBOBI
What are the signs of covid 19,GHS/COVID,"Knowledge (signs, causes)",18,F,Wakiso,Mende
How is corona spread?,GHS/COVID,"Knowledge (signs, causes)",18,F,Wakiso,Mende
if covid is not thier. why schools closed,GHS/COVID,"Knowledge (signs, causes)",81,F,Maraba,Itojo
Am sorry i to ask you about the existence of the COVID 19 3rd wave,GHS/COVID,"Knowledge (signs, causes)",35,F,Kabarole district,
Am sorry i wanted to ask you about the existence of the COVID 19 3rd wave,GHS/COVID,"Knowledge (signs, causes)",35,F,Kabarole district,
Corona virus is real,GHS/COVID,"Knowledge (signs, causes)",22,M,Kamwenge,Nyabani
Wama corona akoma ddi???,GHS/COVID,"Knowledge (signs, causes)",17,F,Nakaseke,Kikamulo
Wat is sex covid,GHS/COVID,"Knowledge (signs, causes)",18,M,Masaka,Kabonela
What is covid-19?,GHS/COVID,"Knowledge (signs, causes)",21,M,Kyankwanzi,
I have symtoms that resembles covid 19,GHS/COVID,"Knowledge (signs, causes)",18,M,Katakwi,OKULONYO
Is wave 3 of covid arleady in uganda?,GHS/COVID,"Knowledge (signs, causes)",#VALUE!,,,
What are the signs of covid 19,GHS/COVID,"Knowledge (signs, causes)",21,F,Luweero,Luweero
About covid-19,GHS/COVID,"Knowledge (signs, causes)",50,F,Kasese,Kisinga
How does covide 19 transimite,GHS/COVID,"Knowledge (signs, causes)",25,M,,
dilapidated due to deterioration of economy . Should I share on de services of the government as they concern covid 19,GHS/COVID,"Knowledge (signs, causes)",17,M,Ssembabule,Miteete
I jast wana knw covid 19 signs,GHS/COVID,"Knowledge (signs, causes)",18,M,Wakiso,Namayumba
Is the 3rd wave of covid already in the country/uganda,GHS/COVID,"Knowledge (signs, causes)",31,F,Hoima,Busiisi
Am having covid 19,GHS/COVID,"Knowledge (signs, causes)",20,F,Arua,Oluko subcounty
Corona,GHS/COVID,"Knowledge (signs, causes)",25,,,
About COVID-19,GHS/COVID,"Knowledge (signs, causes)",20,M,Kasese,Kisinga
I dnt ve any qn abt covid,GHS/COVID,"Knowledge (signs, causes)",26,M,Kampala,Najjanakumbi
What are the signs of covid,GHS/COVID,"Knowledge (signs, causes)",19,M,Mpigi,Kiringente
HOW IS COVID 19 SPREAD,GHS/COVID,"Knowledge (signs, causes)",66,F,SOROTI,NANGURU
Wat are de symptoms of covid 19,GHS/COVID,"Knowledge (signs, causes)",32,F,Kampala,RUBAGA
Signs ov covid,GHS/COVID,"Knowledge (signs, causes)",23,M,Hoima,Naguru
"KA AMITO BEDO ABONGO TWO CORONA VIRU7, NGO ATIM?",GHS/COVID,Case reporting,21,M,,
168 covid 19 patients in kisoro district,GHS/COVID,Case reporting,36,M,Kisoro,Kirundo
Corona case,GHS/COVID,Case reporting,,,,
There is someone who has died of covid 19 in our area,GHS/COVID,Case reporting,48,F,Wakiso,Am in kampala
"I a boy who expirent serious headech, flue and lose appatite with no smale. This boy is fearing to go for covit 19 test.",GHS/COVID,Case reporting,27,M,Oyam,Iceme town council
We dnt have any covid case,GHS/COVID,Case reporting,23,M,Hoima,Naguru
"IF I get vaccinated in different vaccines, will i get any effect?",GHS/COVID,AEFI,22,M,BUKEDEA,bukedea
"I took my second covid-19 jab yesterday but am feeling too weak, what should I do to get well?",GHS/COVID,AEFI,,,,
Igot vacci yestaday ad my body is weak what causes that ?,GHS/COVID,AEFI,45,F,Lira,2021-07-07T11:16:01.741244+03:00
What if ihav diabetes pressure and others cn i get ajab.coz last tym wen thy injectd fo hepatitis b n menegitis ihad different reactns in ma body .,GHS/COVID,AEFI,27,M,Soroti,"Awaliwal,gweri county"
On 2/9/2021 I got cinovac vaccine but now am feeling headache and pain around the arm where I Was vaccinated wat could be the FirstAid?Tr.mukuru.,GHS/COVID,AEFI,29,M,"Kabarole, Burahya county,Ruteete Subcounty,",
Please i didn't get covid relief money,GHS/COVID,,,,,
Weldone ur erft on covid -19,GHS/COVID,,24,F,,
Lockdown,GHS/COVID,,36,M,Kasanda,Kalwana
Again we are going to have the third lockdown?,GHS/COVID,,,,,
I recently drunk and poured sanitizer in my eyes,GHS/COVID,,29,M,Kabale,Nangala
I recently drunk and poured sanitizer in my vagina,GHS/COVID,,29,M,Kabale,Nangala
Thank you for that information. May the Lord save you from Covid 19.,GHS/COVID,,0,M,Wakiso,It is Naguru.
He wanted to know when schools will open,GHS/COVID,,41,,,